ARPAV Centro Meteorologico di Teolo;;;;;;;;;;;;;
;;;;;;;;;;;;;
Bollettino dei valori mensili pluriennali;;;;;;;;;;;;;
;;;;;;;;;;;;;
Stazione Tonezza del Cimone;;;;;;;;;;;;;
Coordinata X 1681310 Gauss-Boaga fuso;;;;;;;;;;;;;
Coordinata Y 5081954 Ovest (EPSG:3003);;;;;;;;;;;;;
Quota della stazione 1134 m s.l.m.;;;;;;;;;;;;;
Parametro Precipitazione (mm) somma;;;;;;;;;;;;;
Valori dal 1 gennaio 1994 al 31 dicembre 2024;;;;;;;;;;;;;
;;;;;;;;;;;;;
Anno;GEN;FEB;MAR;APR;MAG;GIU;LUG;AGO;SET;OTT;NOV;DIC;Somma
;;;;;;;;;;;;;annuale
1994;>>;>>;>>;>>;>>;>>;>>;>>;>>;>>;>>;>>;>>
1995;>>;>>;>>;>>;>>;>>;>>;>>;>>;>>;>>;>>;>>
1996;>>;>>;>>;>>;>>;>>;>>;>>;>>;>>;>>;>>;>>
1997;>>;>>;>>;>>;>>;>>;>>;>>;>>;>>;>>;>>;>>
1998;>>;>>;>>;>>;>>;>>;>>;>>;>>;>>;>>;>>;>>
1999;>>;>>;>>;>>;>>;>>;>>;>>;>>;>>;>>;>>;>>
2000;>>;>>;>>;>>;>>;>>;>>;>>;>>;>>;>>;>>;>>
2001;>>;>>;>>;>>;>>;>>;>>;>>;>>;>>;>>;>>;>>
2002;>>;>>;>>;>>;>>;>>;>>;>>;>>;>>;>>;>>;>>
2003;>>;>>;>>;>>;>>;>>;>>;>>;>>;>>;>>;>>;>>
2004;>>;>>;>>;>>;>>;>>;>>;>>;>>;>>;>>;>>;>>
2005;>>;>>;>>;>>;>>;>>;>>;>>;>>;>>;>>;>>;>>
2006;>>;>>;>>;>>;>>;>>;>>;>>;>>;>>;>>;>>;>>
2007;>>;>>;>>;>>;>>;>>;>>;>>;>>;>>;>>;>>;>>
2008;>>;>>;>>;>>;>>;>>;>>;>>;>>;>>;>>;>>;>>
2009;>>;>>;>>;>>;>>;>>;>>;>>;>>;>>;>>;>>;>>
2010;>>;>>;>>;>>;>>;>>;>>;>>;>>;>>;>>;>>;>>
2011;>>;>>;>>;>>;>>;>>;>>;>>;>>;>>;>>;>>;>>
2012;>>;>>;>>;>>;>>;>>;>>;>>;>>;>>;>>;>>;>>
2013;>>;>>;>>;>>;>>;>>;>>;>>;>>;>>;>>;>>;>>
2014;>>;>>;>>;>>;>>;>>;>>;>>;>>;>>;>>;>>;>>
2015;>>;>>;>>;>>;>>;>>;>>;>>;>>;>>;>>;>>;>>
2016;>>;>>;>>;>>;>>;>>;>>;>>;>>;>>;>>;>>;>>
2017;>>;>>;>>;>>;>>;>>;>>;>>;>>;>>;>>;>>;>>
2018;>>;>>;>>;>>;>>;>>;>>;>>;>>;>>;>>;>>;>>
2019;>>;>>;>>;>>;>>;>>;>>;>>;>>;>>;>>;>>;>>
2020;>>;>>;>>;>>;>>;>>;>>;>>;>>;>>;>>;>>;>>
2021;>>;0;19.8;99.2;247.2;17.6;332.4;131;56.6;106.6;279;27.8;1317.2
2022;27.8;36.4;7.8;115.8;131.6;124.8;66.8;135.2;138.8;48;134.4;125;1092.4
2023;64;1.2;36.6;102;256.2;141.8;164.2;106.6;66.8;377.8;191.2;91.4;1599.8
2024;99.6;309;277.6;59.6;577.8;302.8;96;130.4;315;461.6;4.4;39.4;2673.2
Medio mensile;63.8;86.6;85.4;94.2;303.2;146.8;164.8;125.8;144.3;248.5;152.2;70.9;1670.6
;;;;;;;;;;;;;
Si segnala che con precipitazione nevosa il pluviometro potrebbe non rilevare o sottostimare il fenomeno.;;;;;;;;;;;;;
Il valore mensile è la somma valori giornalieri.;;;;;;;;;;;;;
Il valore somma annuale è la somma dei valori mensili.;;;;;;;;;;;;;
Il valore medio mensile è il valore medio dei valori mensili degli anni.;;;;;;;;;;;;;
Con valore >> il dato non è disponibile;;;;;;;;;;;;;
;;;;;;;;;;;;;
;;;;;;;;;;;;;
Tabella dei giorni assenti;;;;;;;;;;;;;
;;;;;;;;;;;;;
Anno;GEN;FEB;MAR;APR;MAG;GIU;LUG;AGO;SET;OTT;NOV;DIC;
1994;31;28;31;30;31;30;31;31;30;31;30;31;
1995;31;28;31;30;31;30;31;31;30;31;30;31;
1996;31;29;31;30;31;30;31;31;30;31;30;31;
1997;31;28;31;30;31;30;31;31;30;31;30;31;
1998;31;28;31;30;31;30;31;31;30;31;30;31;
1999;31;28;31;30;31;30;31;31;30;31;30;31;
2000;31;29;31;30;31;30;31;31;30;31;30;31;
2001;31;28;31;30;31;30;31;31;30;31;30;31;
2002;31;28;31;30;31;30;31;31;30;31;30;31;
2003;31;28;31;30;31;30;31;31;30;31;30;31;
2004;31;29;31;30;31;30;31;31;30;31;30;31;
2005;31;28;31;30;31;30;31;31;30;31;30;31;
2006;31;28;31;30;31;30;31;31;30;31;30;31;
2007;31;28;31;30;31;30;31;31;30;31;30;31;
2008;31;29;31;30;31;30;31;31;30;31;30;31;
2009;31;28;31;30;31;30;31;31;30;31;30;31;
2010;31;28;31;30;31;30;31;31;30;31;30;31;
2011;31;28;31;30;31;30;31;31;30;31;30;31;
2012;31;29;31;30;31;30;31;31;30;31;30;31;
2013;31;28;31;30;31;30;31;31;30;31;30;31;
2014;31;28;31;30;31;30;31;31;30;31;30;31;
2015;31;28;31;30;31;30;31;31;30;31;30;31;
2016;31;29;31;30;31;30;31;31;30;31;30;31;
2017;31;28;31;30;31;30;31;31;30;31;30;31;
2018;31;28;31;30;31;30;31;31;30;31;30;31;
2019;31;28;31;30;31;30;31;31;30;31;30;31;
2020;31;29;31;30;31;30;31;31;30;31;30;31;
2021;31;23;0;0;1;0;0;0;0;0;0;0;
2022;0;0;0;0;0;0;0;0;0;0;0;0;
2023;1;0;0;0;0;0;0;0;0;0;0;0;
2024;0;0;0;2;0;0;0;0;0;0;0;0;
;;;;;;;;;;;;;
Bollettino elaborato il 5 marzo 2025;;;;;;;;;;;;;
;;;;;;;;;;;;;
;;;;;;;;;;;;;
;;;;;;;;;;;;;
ARPAV Centro Meteorologico di Teolo;;;;;;;;;;;;;
;;;;;;;;;;;;;
Bollettino dei giorni piovosi pluriennali;;;;;;;;;;;;;
;;;;;;;;;;;;;
Stazione Tonezza del Cimone;;;;;;;;;;;;;
Coordinata X 1681310 Gauss-Boaga fuso;;;;;;;;;;;;;
Coordinata Y 5081954 Ovest (EPSG:3003);;;;;;;;;;;;;
Quota della stazione 1134 m s.l.m.;;;;;;;;;;;;;
Parametro Precipitazione (giorni piovosi);;;;;;;;;;;;;
Valori dal 1 gennaio 1994 al 31 dicembre 2024;;;;;;;;;;;;;
;;;;;;;;;;;;;
Anno;GEN;FEB;MAR;APR;MAG;GIU;LUG;AGO;SET;OTT;NOV;DIC;Somma
;;;;;;;;;;;;;annuale
1994;>>;>>;>>;>>;>>;>>;>>;>>;>>;>>;>>;>>;>>
1995;>>;>>;>>;>>;>>;>>;>>;>>;>>;>>;>>;>>;>>
1996;>>;>>;>>;>>;>>;>>;>>;>>;>>;>>;>>;>>;>>
1997;>>;>>;>>;>>;>>;>>;>>;>>;>>;>>;>>;>>;>>
1998;>>;>>;>>;>>;>>;>>;>>;>>;>>;>>;>>;>>;>>
1999;>>;>>;>>;>>;>>;>>;>>;>>;>>;>>;>>;>>;>>
2000;>>;>>;>>;>>;>>;>>;>>;>>;>>;>>;>>;>>;>>
2001;>>;>>;>>;>>;>>;>>;>>;>>;>>;>>;>>;>>;>>
2002;>>;>>;>>;>>;>>;>>;>>;>>;>>;>>;>>;>>;>>
2003;>>;>>;>>;>>;>>;>>;>>;>>;>>;>>;>>;>>;>>
2004;>>;>>;>>;>>;>>;>>;>>;>>;>>;>>;>>;>>;>>
2005;>>;>>;>>;>>;>>;>>;>>;>>;>>;>>;>>;>>;>>
2006;>>;>>;>>;>>;>>;>>;>>;>>;>>;>>;>>;>>;>>
2007;>>;>>;>>;>>;>>;>>;>>;>>;>>;>>;>>;>>;>>
2008;>>;>>;>>;>>;>>;>>;>>;>>;>>;>>;>>;>>;>>
2009;>>;>>;>>;>>;>>;>>;>>;>>;>>;>>;>>;>>;>>
2010;>>;>>;>>;>>;>>;>>;>>;>>;>>;>>;>>;>>;>>
2011;>>;>>;>>;>>;>>;>>;>>;>>;>>;>>;>>;>>;>>
2012;>>;>>;>>;>>;>>;>>;>>;>>;>>;>>;>>;>>;>>
2013;>>;>>;>>;>>;>>;>>;>>;>>;>>;>>;>>;>>;>>
2014;>>;>>;>>;>>;>>;>>;>>;>>;>>;>>;>>;>>;>>
2015;>>;>>;>>;>>;>>;>>;>>;>>;>>;>>;>>;>>;>>
2016;>>;>>;>>;>>;>>;>>;>>;>>;>>;>>;>>;>>;>>
2017;>>;>>;>>;>>;>>;>>;>>;>>;>>;>>;>>;>>;>>
2018;>>;>>;>>;>>;>>;>>;>>;>>;>>;>>;>>;>>;>>
2019;>>;>>;>>;>>;>>;>>;>>;>>;>>;>>;>>;>>;>>
2020;>>;>>;>>;>>;>>;>>;>>;>>;>>;>>;>>;>>;>>
2021;>>;0;5;7;13;5;12;9;5;5;13;2;76
2022;1;2;2;10;15;8;8;13;13;3;11;10;96
2023;8;0;3;11;22;17;13;8;7;11;8;6;114
2024;7;11;16;7;22;14;7;7;11;19;3;4;128
Medio mensile;5;3;6;9;18;11;10;9;9;10;9;6;104
;;;;;;;;;;;;;
Si segnala che con precipitazione nevosa il pluviometro potrebbe non rilevare o sottostimare il fenomeno.;;;;;;;;;;;;;
Si considera giorno piovoso quando il valore di pioggia giornaliero è >= 1 mm;;;;;;;;;;;;;
Il valore somma annuale è la somma dei valori mensili.;;;;;;;;;;;;;
Il valore medio mensile è il valore medio dei valori mensili degli anni.;;;;;;;;;;;;;
Con valore >> il dato non è disponibile;;;;;;;;;;;;;
;;;;;;;;;;;;;
;;;;;;;;;;;;;
Tabella dei giorni assenti;;;;;;;;;;;;;
;;;;;;;;;;;;;
Anno;GEN;FEB;MAR;APR;MAG;GIU;LUG;AGO;SET;OTT;NOV;DIC;
1994;31;28;31;30;31;30;31;31;30;31;30;31;
1995;31;28;31;30;31;30;31;31;30;31;30;31;
1996;31;29;31;30;31;30;31;31;30;31;30;31;
1997;31;28;31;30;31;30;31;31;30;31;30;31;
1998;31;28;31;30;31;30;31;31;30;31;30;31;
1999;31;28;31;30;31;30;31;31;30;31;30;31;
2000;31;29;31;30;31;30;31;31;30;31;30;31;
2001;31;28;31;30;31;30;31;31;30;31;30;31;
2002;31;28;31;30;31;30;31;31;30;31;30;31;
2003;31;28;31;30;31;30;31;31;30;31;30;31;
2004;31;29;31;30;31;30;31;31;30;31;30;31;
2005;31;28;31;30;31;30;31;31;30;31;30;31;
2006;31;28;31;30;31;30;31;31;30;31;30;31;
2007;31;28;31;30;31;30;31;31;30;31;30;31;
2008;31;29;31;30;31;30;31;31;30;31;30;31;
2009;31;28;31;30;31;30;31;31;30;31;30;31;
2010;31;28;31;30;31;30;31;31;30;31;30;31;
2011;31;28;31;30;31;30;31;31;30;31;30;31;
2012;31;29;31;30;31;30;31;31;30;31;30;31;
2013;31;28;31;30;31;30;31;31;30;31;30;31;
2014;31;28;31;30;31;30;31;31;30;31;30;31;
2015;31;28;31;30;31;30;31;31;30;31;30;31;
2016;31;29;31;30;31;30;31;31;30;31;30;31;
2017;31;28;31;30;31;30;31;31;30;31;30;31;
2018;31;28;31;30;31;30;31;31;30;31;30;31;
2019;31;28;31;30;31;30;31;31;30;31;30;31;
2020;31;29;31;30;31;30;31;31;30;31;30;31;
2021;31;23;0;0;1;0;0;0;0;0;0;0;
2022;0;0;0;0;0;0;0;0;0;0;0;0;
2023;1;0;0;0;0;0;0;0;0;0;0;0;
2024;0;0;0;2;0;0;0;0;0;0;0;0;
;;;;;;;;;;;;;
Bollettino elaborato il 5 marzo 2025;;;;;;;;;;;;;
;;;;;;;;;;;;;
;;;;;;;;;;;;;
;;;;;;;;;;;;;
ARPAV Centro Meteorologico di Teolo;;;;;;;;;;;;;
;;;;;;;;;;;;;
Bollettino dei valori minimi mensili pluriennali;;;;;;;;;;;;;
;;;;;;;;;;;;;
Stazione Tonezza del Cimone;;;;;;;;;;;;;
Coordinata X 1681310 Gauss-Boaga fuso;;;;;;;;;;;;;
Coordinata Y 5081954 Ovest (EPSG:3003);;;;;;;;;;;;;
Quota della stazione 1134 m s.l.m.;;;;;;;;;;;;;
Parametro Temperatura aria a 2m (°C) media delle minime;;;;;;;;;;;;;
Valori dal 1 gennaio 1994 al 31 dicembre 2024;;;;;;;;;;;;;
;;;;;;;;;;;;;
Anno;GEN;FEB;MAR;APR;MAG;GIU;LUG;AGO;SET;OTT;NOV;DIC;Medio
;;;;;;;;;;;;;annuale
1994;>>;>>;>>;>>;>>;>>;>>;>>;>>;>>;>>;>>;>>
1995;>>;>>;>>;>>;>>;>>;>>;>>;>>;>>;>>;>>;>>
1996;>>;>>;>>;>>;>>;>>;>>;>>;>>;>>;>>;>>;>>
1997;>>;>>;>>;>>;>>;>>;>>;>>;>>;>>;>>;>>;>>
1998;>>;>>;>>;>>;>>;>>;>>;>>;>>;>>;>>;>>;>>
1999;>>;>>;>>;>>;>>;>>;>>;>>;>>;>>;>>;>>;>>
2000;>>;>>;>>;>>;>>;>>;>>;>>;>>;>>;>>;>>;>>
2001;>>;>>;>>;>>;>>;>>;>>;>>;>>;>>;>>;>>;>>
2002;>>;>>;>>;>>;>>;>>;>>;>>;>>;>>;>>;>>;>>
2003;>>;>>;>>;>>;>>;>>;>>;>>;>>;>>;>>;>>;>>
2004;>>;>>;>>;>>;>>;>>;>>;>>;>>;>>;>>;>>;>>
2005;>>;>>;>>;>>;>>;>>;>>;>>;>>;>>;>>;>>;>>
2006;>>;>>;>>;>>;>>;>>;>>;>>;>>;>>;>>;>>;>>
2007;>>;>>;>>;>>;>>;>>;>>;>>;>>;>>;>>;>>;>>
2008;>>;>>;>>;>>;>>;>>;>>;>>;>>;>>;>>;>>;>>
2009;>>;>>;>>;>>;>>;>>;>>;>>;>>;>>;>>;>>;>>
2010;>>;>>;>>;>>;>>;>>;>>;>>;>>;>>;>>;>>;>>
2011;>>;>>;>>;>>;>>;>>;>>;>>;>>;>>;>>;>>;>>
2012;>>;>>;>>;>>;>>;>>;>>;>>;>>;>>;>>;>>;>>
2013;>>;>>;>>;>>;>>;>>;>>;>>;>>;>>;>>;>>;>>
2014;>>;>>;>>;>>;>>;>>;>>;>>;>>;>>;>>;>>;>>
2015;>>;>>;>>;>>;>>;>>;>>;>>;>>;>>;>>;>>;>>
2016;>>;>>;>>;>>;>>;>>;>>;>>;>>;>>;>>;>>;>>
2017;>>;>>;>>;>>;>>;>>;>>;>>;>>;>>;>>;>>;>>
2018;>>;>>;>>;>>;>>;>>;>>;>>;>>;>>;>>;>>;>>
2019;>>;>>;>>;>>;>>;>>;>>;>>;>>;>>;>>;>>;>>
2020;>>;>>;>>;>>;>>;>>;>>;>>;>>;>>;>>;>>;>>
2021;>>;3.8;-0.7;1;5.6;12.8;13.1;12;10.5;5;2;-0.5;5.9
2022;-0.6;-1.1;-0.7;1.7;9.4;13.3;15;13.5;9.1;9.3;2.9;-0.9;5.9
2023;-1.6;-1.6;1.3;2.1;7.7;11.9;13.6;14.2;11.7;9;1.2;0.5;5.8
2024;-1;2.2;2.4;4.3;7.5;11.5;15.4;16.2;9.9;8;2.1;0;6.5
Medio mensile;-1.1;0.8;0.6;2.3;7.6;12.4;14.3;14;10.3;7.8;2.1;-0.2;6
;;;;;;;;;;;;;
Il valore mensile è il valore medio delle minime giornaliere del mese.;;;;;;;;;;;;;
Il valore medio mensile è il valore medio dei valori mensili.;;;;;;;;;;;;;
Il valore medio annuale è il valore medio dei valori mensili dell'anno.;;;;;;;;;;;;;
Con valore >> il dato non è disponibile;;;;;;;;;;;;;
;;;;;;;;;;;;;
;;;;;;;;;;;;;
Tabella dei giorni assenti;;;;;;;;;;;;;
;;;;;;;;;;;;;
Anno;GEN;FEB;MAR;APR;MAG;GIU;LUG;AGO;SET;OTT;NOV;DIC;
1994;31;28;31;30;31;30;31;31;30;31;30;31;
1995;31;28;31;30;31;30;31;31;30;31;30;31;
1996;31;29;31;30;31;30;31;31;30;31;30;31;
1997;31;28;31;30;31;30;31;31;30;31;30;31;
1998;31;28;31;30;31;30;31;31;30;31;30;31;
1999;31;28;31;30;31;30;31;31;30;31;30;31;
2000;31;29;31;30;31;30;31;31;30;31;30;31;
2001;31;28;31;30;31;30;31;31;30;31;30;31;
2002;31;28;31;30;31;30;31;31;30;31;30;31;
2003;31;28;31;30;31;30;31;31;30;31;30;31;
2004;31;29;31;30;31;30;31;31;30;31;30;31;
2005;31;28;31;30;31;30;31;31;30;31;30;31;
2006;31;28;31;30;31;30;31;31;30;31;30;31;
2007;31;28;31;30;31;30;31;31;30;31;30;31;
2008;31;29;31;30;31;30;31;31;30;31;30;31;
2009;31;28;31;30;31;30;31;31;30;31;30;31;
2010;31;28;31;30;31;30;31;31;30;31;30;31;
2011;31;28;31;30;31;30;31;31;30;31;30;31;
2012;31;29;31;30;31;30;31;31;30;31;30;31;
2013;31;28;31;30;31;30;31;31;30;31;30;31;
2014;31;28;31;30;31;30;31;31;30;31;30;31;
2015;31;28;31;30;31;30;31;31;30;31;30;31;
2016;31;29;31;30;31;30;31;31;30;31;30;31;
2017;31;28;31;30;31;30;31;31;30;31;30;31;
2018;31;28;31;30;31;30;31;31;30;31;30;31;
2019;31;28;31;30;31;30;31;31;30;31;30;31;
2020;31;29;31;30;31;30;31;31;30;31;30;31;
2021;31;23;0;0;1;0;0;0;0;0;0;0;
2022;0;0;0;0;0;0;0;0;0;0;0;0;
2023;0;0;0;0;0;0;0;0;0;0;0;0;
2024;0;0;0;0;0;0;0;0;0;0;0;0;
;;;;;;;;;;;;;
Bollettino elaborato il 5 marzo 2025;;;;;;;;;;;;;
;;;;;;;;;;;;;
;;;;;;;;;;;;;
;;;;;;;;;;;;;
ARPAV Centro Meteorologico di Teolo;;;;;;;;;;;;;
;;;;;;;;;;;;;
Bollettino dei valori medi mensili pluriennali;;;;;;;;;;;;;
;;;;;;;;;;;;;
Stazione Tonezza del Cimone;;;;;;;;;;;;;
Coordinata X 1681310 Gauss-Boaga fuso;;;;;;;;;;;;;
Coordinata Y 5081954 Ovest (EPSG:3003);;;;;;;;;;;;;
Quota della stazione 1134 m s.l.m.;;;;;;;;;;;;;
Parametro Temperatura aria a 2m (°C) media delle medie;;;;;;;;;;;;;
Valori dal 1 gennaio 1994 al 31 dicembre 2024;;;;;;;;;;;;;
;;;;;;;;;;;;;
Anno;GEN;FEB;MAR;APR;MAG;GIU;LUG;AGO;SET;OTT;NOV;DIC;Medio
;;;;;;;;;;;;;annuale
1994;>>;>>;>>;>>;>>;>>;>>;>>;>>;>>;>>;>>;>>
1995;>>;>>;>>;>>;>>;>>;>>;>>;>>;>>;>>;>>;>>
1996;>>;>>;>>;>>;>>;>>;>>;>>;>>;>>;>>;>>;>>
1997;>>;>>;>>;>>;>>;>>;>>;>>;>>;>>;>>;>>;>>
1998;>>;>>;>>;>>;>>;>>;>>;>>;>>;>>;>>;>>;>>
1999;>>;>>;>>;>>;>>;>>;>>;>>;>>;>>;>>;>>;>>
2000;>>;>>;>>;>>;>>;>>;>>;>>;>>;>>;>>;>>;>>
2001;>>;>>;>>;>>;>>;>>;>>;>>;>>;>>;>>;>>;>>
2002;>>;>>;>>;>>;>>;>>;>>;>>;>>;>>;>>;>>;>>
2003;>>;>>;>>;>>;>>;>>;>>;>>;>>;>>;>>;>>;>>
2004;>>;>>;>>;>>;>>;>>;>>;>>;>>;>>;>>;>>;>>
2005;>>;>>;>>;>>;>>;>>;>>;>>;>>;>>;>>;>>;>>
2006;>>;>>;>>;>>;>>;>>;>>;>>;>>;>>;>>;>>;>>
2007;>>;>>;>>;>>;>>;>>;>>;>>;>>;>>;>>;>>;>>
2008;>>;>>;>>;>>;>>;>>;>>;>>;>>;>>;>>;>>;>>
2009;>>;>>;>>;>>;>>;>>;>>;>>;>>;>>;>>;>>;>>
2010;>>;>>;>>;>>;>>;>>;>>;>>;>>;>>;>>;>>;>>
2011;>>;>>;>>;>>;>>;>>;>>;>>;>>;>>;>>;>>;>>
2012;>>;>>;>>;>>;>>;>>;>>;>>;>>;>>;>>;>>;>>
2013;>>;>>;>>;>>;>>;>>;>>;>>;>>;>>;>>;>>;>>
2014;>>;>>;>>;>>;>>;>>;>>;>>;>>;>>;>>;>>;>>
2015;>>;>>;>>;>>;>>;>>;>>;>>;>>;>>;>>;>>;>>
2016;>>;>>;>>;>>;>>;>>;>>;>>;>>;>>;>>;>>;>>
2017;>>;>>;>>;>>;>>;>>;>>;>>;>>;>>;>>;>>;>>
2018;>>;>>;>>;>>;>>;>>;>>;>>;>>;>>;>>;>>;>>
2019;>>;>>;>>;>>;>>;>>;>>;>>;>>;>>;>>;>>;>>
2020;>>;>>;>>;>>;>>;>>;>>;>>;>>;>>;>>;>>;>>
2021;>>;7.6;2.9;4.5;8.9;16.8;17;15.9;13.7;7.9;4.9;2.4;9.3
2022;2.7;2.1;2.7;5.4;12.7;17.4;19.5;17.7;12.4;12.2;5.4;1.5;9.3
2023;0.9;1.9;4.4;5.4;10.6;15.6;17.6;17.7;15.1;12;4.2;3.5;9.1
2024;2;4.9;4.9;7.9;10.5;15.2;18.9;19.9;12.7;10.1;5.1;2.6;9.6
Medio mensile;1.9;4.1;3.7;5.8;10.7;16.2;18.2;17.8;13.5;10.6;4.9;2.5;9.3
;;;;;;;;;;;;;
Il valore mensile è il valore medio delle medie giornaliere del mese.;;;;;;;;;;;;;
Il valore medio mensile è il valore medio dei valori mensili.;;;;;;;;;;;;;
Il valore medio annuale è il valore medio dei valori mensili dell'anno.;;;;;;;;;;;;;
Con valore >> il dato non è disponibile;;;;;;;;;;;;;
;;;;;;;;;;;;;
;;;;;;;;;;;;;
Tabella dei giorni assenti;;;;;;;;;;;;;
;;;;;;;;;;;;;
Anno;GEN;FEB;MAR;APR;MAG;GIU;LUG;AGO;SET;OTT;NOV;DIC;
1994;31;28;31;30;31;30;31;31;30;31;30;31;
1995;31;28;31;30;31;30;31;31;30;31;30;31;
1996;31;29;31;30;31;30;31;31;30;31;30;31;
1997;31;28;31;30;31;30;31;31;30;31;30;31;
1998;31;28;31;30;31;30;31;31;30;31;30;31;
1999;31;28;31;30;31;30;31;31;30;31;30;31;
2000;31;29;31;30;31;30;31;31;30;31;30;31;
2001;31;28;31;30;31;30;31;31;30;31;30;31;
2002;31;28;31;30;31;30;31;31;30;31;30;31;
2003;31;28;31;30;31;30;31;31;30;31;30;31;
2004;31;29;31;30;31;30;31;31;30;31;30;31;
2005;31;28;31;30;31;30;31;31;30;31;30;31;
2006;31;28;31;30;31;30;31;31;30;31;30;31;
2007;31;28;31;30;31;30;31;31;30;31;30;31;
2008;31;29;31;30;31;30;31;31;30;31;30;31;
2009;31;28;31;30;31;30;31;31;30;31;30;31;
2010;31;28;31;30;31;30;31;31;30;31;30;31;
2011;31;28;31;30;31;30;31;31;30;31;30;31;
2012;31;29;31;30;31;30;31;31;30;31;30;31;
2013;31;28;31;30;31;30;31;31;30;31;30;31;
2014;31;28;31;30;31;30;31;31;30;31;30;31;
2015;31;28;31;30;31;30;31;31;30;31;30;31;
2016;31;29;31;30;31;30;31;31;30;31;30;31;
2017;31;28;31;30;31;30;31;31;30;31;30;31;
2018;31;28;31;30;31;30;31;31;30;31;30;31;
2019;31;28;31;30;31;30;31;31;30;31;30;31;
2020;31;29;31;30;31;30;31;31;30;31;30;31;
2021;31;23;0;0;1;0;0;0;0;0;0;0;
2022;0;0;0;0;0;0;0;0;0;0;0;0;
2023;0;0;0;0;0;0;0;0;0;0;0;0;
2024;0;0;0;0;0;0;0;0;0;0;0;0;
;;;;;;;;;;;;;
Bollettino elaborato il 5 marzo 2025;;;;;;;;;;;;;
;;;;;;;;;;;;;
;;;;;;;;;;;;;
;;;;;;;;;;;;;
ARPAV Centro Meteorologico di Teolo;;;;;;;;;;;;;
;;;;;;;;;;;;;
Bollettino dei valori massimi mensili pluriennali;;;;;;;;;;;;;
;;;;;;;;;;;;;
Stazione Tonezza del Cimone;;;;;;;;;;;;;
Coordinata X 1681310 Gauss-Boaga fuso;;;;;;;;;;;;;
Coordinata Y 5081954 Ovest (EPSG:3003);;;;;;;;;;;;;
Quota della stazione 1134 m s.l.m.;;;;;;;;;;;;;
Parametro Temperatura aria a 2m (°C) media delle massime;;;;;;;;;;;;;
Valori dal 1 gennaio 1994 al 31 dicembre 2024;;;;;;;;;;;;;
;;;;;;;;;;;;;
Anno;GEN;FEB;MAR;APR;MAG;GIU;LUG;AGO;SET;OTT;NOV;DIC;Medio
;;;;;;;;;;;;;annuale
1994;>>;>>;>>;>>;>>;>>;>>;>>;>>;>>;>>;>>;>>
1995;>>;>>;>>;>>;>>;>>;>>;>>;>>;>>;>>;>>;>>
1996;>>;>>;>>;>>;>>;>>;>>;>>;>>;>>;>>;>>;>>
1997;>>;>>;>>;>>;>>;>>;>>;>>;>>;>>;>>;>>;>>
1998;>>;>>;>>;>>;>>;>>;>>;>>;>>;>>;>>;>>;>>
1999;>>;>>;>>;>>;>>;>>;>>;>>;>>;>>;>>;>>;>>
2000;>>;>>;>>;>>;>>;>>;>>;>>;>>;>>;>>;>>;>>
2001;>>;>>;>>;>>;>>;>>;>>;>>;>>;>>;>>;>>;>>
2002;>>;>>;>>;>>;>>;>>;>>;>>;>>;>>;>>;>>;>>
2003;>>;>>;>>;>>;>>;>>;>>;>>;>>;>>;>>;>>;>>
2004;>>;>>;>>;>>;>>;>>;>>;>>;>>;>>;>>;>>;>>
2005;>>;>>;>>;>>;>>;>>;>>;>>;>>;>>;>>;>>;>>
2006;>>;>>;>>;>>;>>;>>;>>;>>;>>;>>;>>;>>;>>
2007;>>;>>;>>;>>;>>;>>;>>;>>;>>;>>;>>;>>;>>
2008;>>;>>;>>;>>;>>;>>;>>;>>;>>;>>;>>;>>;>>
2009;>>;>>;>>;>>;>>;>>;>>;>>;>>;>>;>>;>>;>>
2010;>>;>>;>>;>>;>>;>>;>>;>>;>>;>>;>>;>>;>>
2011;>>;>>;>>;>>;>>;>>;>>;>>;>>;>>;>>;>>;>>
2012;>>;>>;>>;>>;>>;>>;>>;>>;>>;>>;>>;>>;>>
2013;>>;>>;>>;>>;>>;>>;>>;>>;>>;>>;>>;>>;>>
2014;>>;>>;>>;>>;>>;>>;>>;>>;>>;>>;>>;>>;>>
2015;>>;>>;>>;>>;>>;>>;>>;>>;>>;>>;>>;>>;>>
2016;>>;>>;>>;>>;>>;>>;>>;>>;>>;>>;>>;>>;>>
2017;>>;>>;>>;>>;>>;>>;>>;>>;>>;>>;>>;>>;>>
2018;>>;>>;>>;>>;>>;>>;>>;>>;>>;>>;>>;>>;>>
2019;>>;>>;>>;>>;>>;>>;>>;>>;>>;>>;>>;>>;>>
2020;>>;>>;>>;>>;>>;>>;>>;>>;>>;>>;>>;>>;>>
2021;>>;13.1;7;8.4;12.6;21.1;21.1;20.4;17.9;11.8;8.4;6.4;13.5
2022;6.8;6.1;7;9.1;16.5;21.7;24.4;22.5;16.3;16.4;9.3;4.7;13.4
2023;4.4;6.5;8.4;9.4;14;19.7;21.7;21.9;19.6;16.1;8.6;7.6;13.2
2024;6.2;8.4;8.2;11.7;13.8;19;23.1;24.3;16.6;12.9;9.4;6.5;13.3
Medio mensile;5.8;8.5;7.6;9.6;14.2;20.4;22.6;22.3;17.6;14.3;8.9;6.3;13.3
;;;;;;;;;;;;;
Il valore mensile è il valore medio delle massime giornaliere del mese.;;;;;;;;;;;;;
Il valore medio mensile è il valore medio dei valori mensili.;;;;;;;;;;;;;
Il valore medio annuale è il valore medio dei valori mensili dell'anno.;;;;;;;;;;;;;
Con valore >> il dato non è disponibile;;;;;;;;;;;;;
;;;;;;;;;;;;;
;;;;;;;;;;;;;
Tabella dei giorni assenti;;;;;;;;;;;;;
;;;;;;;;;;;;;
Anno;GEN;FEB;MAR;APR;MAG;GIU;LUG;AGO;SET;OTT;NOV;DIC;
1994;31;28;31;30;31;30;31;31;30;31;30;31;
1995;31;28;31;30;31;30;31;31;30;31;30;31;
1996;31;29;31;30;31;30;31;31;30;31;30;31;
1997;31;28;31;30;31;30;31;31;30;31;30;31;
1998;31;28;31;30;31;30;31;31;30;31;30;31;
1999;31;28;31;30;31;30;31;31;30;31;30;31;
2000;31;29;31;30;31;30;31;31;30;31;30;31;
2001;31;28;31;30;31;30;31;31;30;31;30;31;
2002;31;28;31;30;31;30;31;31;30;31;30;31;
2003;31;28;31;30;31;30;31;31;30;31;30;31;
2004;31;29;31;30;31;30;31;31;30;31;30;31;
2005;31;28;31;30;31;30;31;31;30;31;30;31;
2006;31;28;31;30;31;30;31;31;30;31;30;31;
2007;31;28;31;30;31;30;31;31;30;31;30;31;
2008;31;29;31;30;31;30;31;31;30;31;30;31;
2009;31;28;31;30;31;30;31;31;30;31;30;31;
2010;31;28;31;30;31;30;31;31;30;31;30;31;
2011;31;28;31;30;31;30;31;31;30;31;30;31;
2012;31;29;31;30;31;30;31;31;30;31;30;31;
2013;31;28;31;30;31;30;31;31;30;31;30;31;
2014;31;28;31;30;31;30;31;31;30;31;30;31;
2015;31;28;31;30;31;30;31;31;30;31;30;31;
2016;31;29;31;30;31;30;31;31;30;31;30;31;
2017;31;28;31;30;31;30;31;31;30;31;30;31;
2018;31;28;31;30;31;30;31;31;30;31;30;31;
2019;31;28;31;30;31;30;31;31;30;31;30;31;
2020;31;29;31;30;31;30;31;31;30;31;30;31;
2021;31;23;0;0;1;0;0;0;0;0;0;0;
2022;0;0;0;0;0;0;0;0;0;0;0;0;
2023;0;0;0;0;0;0;0;0;0;0;0;0;
2024;0;0;0;0;0;0;0;0;0;0;0;0;
;;;;;;;;;;;;;
Bollettino elaborato il 5 marzo 2025;;;;;;;;;;;;;
